"Question","Answer"
"이 영상들은 인터넷 곳곳에 퍼져 있다.","These videos are all over the internet."
"이것이 3만 7천 달러로 살 수 있는 것이다 중국에서","This is what $37,000 gets you in China"
"그리고 장담하건대","and I promise"
"당신은 준비되어 있지 않다.","you are not ready."
"유튜브, 인스타그램, 틱톡에서","On YouTube, Instagram and TikTok,"
"미국 자동차 인플루언서들이 홍보하고 있다","American car influencers are hawking"
"중국 자동차 브랜드들을.","Chinese car brands."
"만약 당신이 중국의 부유한 엄마라면,","If you're a rich mom in China,"
"아마도 이 차를 몰고 있을 것이다.","you're probably driving this."
"이것이 바로 양왕 U8이다.","This is the YangWang U8."
"그들은 럭셔리 기능들을 자랑하고 있다.","They're touting luxury features."
"모든 것이 당신을 마사지해 준다.","Everything massages you."
"최첨단 기술이다.","State of the art tech."
"나는 깜짝 놀랐다.","I'm astonished."
"그리고 가장 중요한 것은, 낮은 가격이다.","And most importantly, low prices."
"이 모든 것이 1만 5천 달러에.","All of this for $15,000."
"그러나 인플레이션에 지친 미국인들은","But inflation-weary Americans"
"이 영상들을 보고 있는","watching these videos"
"그 차들을 수입할 수 없다.","can't import the cars."
"잠시 거슬러 올라가 보자.","Let's go back a bit."
"수십 년 동안, 전 세계 자동차 산업은","For decades, the global auto industry"
"사실상 지배되어 왔다","was really ruled by"
"기본적으로 미국, 유럽, 일본, 한국에 의해.","basically the US, Europe, Japan and Korea."
"그러다 중국이 결심했다","Then China decided"
"자동차 사업에 뛰어들기로.","to get into the car business."
"중국 정부는 강제했다","The Chinese government forced"
"서구 또는 비중국 자동차 제조사들에게","Western automakers or non-Chinese automakers"
"합작 투자를 설립하도록","to form joint ventures"
"중국 국유 기업들과.","with state-owned Chinese companies."
"처음에는, 그들은 그것을 잘하지 못했다","At first, they weren't very good at it"
"왜냐하면 아직 신참이었기 때문이다.","because they were still new."
"어느 시점에,","At some point,"
"중국 자동차 제조사들은 깨달았다","Chinese automakers realized"
"그들을 결코 이길 수 없다는 것을","they were never going to beat them"
"가솔린 자동차에서는,","at gas cars,"
"그래서 그들은 결정했다","so they decided"
"다른 게임을 하기로,","to play a different game,"
"그리고 중국 정부는 만들었다","and the Chinese government created"
"국가적 목표를","a national goal"
"전기차 기술을 개발하기 위한.","to develop electric vehicle technology."
"그리고 많은 중국 기업가들이","And a lot of Chinese entrepreneurs"
"그 부름에 응답했다 BYD처럼,","answered that call like BYD,"
"이 회사는 배터리 회사로 시작했고","which started out as a battery company"
"그러고 나서 자동차 산업에 진출했다.","and then got into automotive."
"또한 지리(Geely)도 있다,","You also have Geely,"
"창업자 리수푸가","where the founder, Li Shufu,"
"냉장고를 위한 부품을 만드는 일을 시작한","started making parts for refrigerators."
"샤오미는, 휴대전화 회사인데,","Xiaomi, they're a cell phone company,"
"이제 자동차 산업에 진출했다","that has now gotten into cars"
"왜냐하면 자동차가 되어가고 있기 때문이다","because cars are becoming"
"정말로 소프트웨어 중심으로.","really software driven."
"오늘 우리는 본사에 있다","Today we're at the headquarters"
"케어소프트 글로벌의","of Caresoft Global"
"우리의 새 기술 센터에서.","at our new technical center."
"우리는 많은 차량을 보유하고 있다","We have many vehicles"
"우리가 분해하고","that we have disassembled"
"가치 분석을 수행한.","and done value analysis."
"우리는 벤치마킹 작업을 수행했다.","We've done benchmarking work on."
"여기에 테슬라 모델 Y가 있다","Here we have a Tesla Model Y"
"그리고 그것은 보여준다","and it demonstrates"
"그들의 메가 캐스팅 사용을.","their usage of mega castings."
"그렇게 함으로써,","In doing that,"
"그들은 무게를 줄일 수 있다,","they're able to reduce the mass,"
"부품 수를 줄이고,","reduce the number of parts,"
"노동력을 줄이며","reduce the labor"
"그리고 걸리는 시간을","and the time it takes"
"차량 한 대를 만드는 데.","to build a vehicle."
"매우 혁신적인 접근 방식이다.","So very innovative approach."
"이제 우리가 보는 것은 중국에서 온","Now we see from China"
"샤오펑 G6이다.","the XPENG G6."
"그들은 내놓았다","They've come forward"
"매우 멋진 차량을.","with a very nice vehicle."
"그리고 자세히 보면 발견하게 될 것이다","And if you look close you'll find"
"메가 캐스팅이 있다는 것을","there is a mega casting"
"후방에.","in the rear."
"메가 캐스팅이 있다","There is a mega casting"
"전방에.","in the front."
"바닥이 없다","There is no floor"
"차체에는.","in the body."
"그것은 매우, 매우 유사하다.","It's very, very similar."
"여기서 그것이 모방되었다.","It's been imitated here."
"그러나, 자세히 보고 연구해 보면,","However, if you look closely and study it,"
"깨닫게 된다 그것들이 개선되었다는 것을.","you realize they've been improved upon."
"그리고 우리는 그것을 본다","And we see that"
"중국 자동차 산업 전반에 걸쳐,","across the Chinese auto industry,"
"브랜드마다.","brand by brand."
"이 추진력은 모방하고, 개선하고, 확장하려는","This drive to imitate, to improve, to increase"
"그리고 그것을 매우, 매우 빠르게 하려는.","and to do it very, very quickly."
"그리고 우리는 상기하게 된다","And we're reminded"
"큰 것이 아니라","it's not the big"
"작은 것이라는,","that it's the small,"
"빠른 것이","it's the fast"
"느린 것을 잡아먹는다는.","that eat the slow."
"그러므로 당신이 속도를 볼 때","So when you look at the speed"
"중국 자동차 산업의,","of the Chinese auto industry,"
"나는 생각한다 전통적인 OEM들이,","I think the traditional OEMs,"
"북미에서 온 업체들,","those from North America,"
"유럽에서 온 업체들,","those from Europe,"
"그들은 알고 있고, 이해하고 있다.","they get it, they understand."
"이것은 방치될 수 없다.","This cannot be left unchecked."
"미국의 자동차 회사들은","Car companies in the United States"
"확실히 걱정해야 한다","definitely need to worry"
"중국 자동차들에 대해,","about Chinese cars,"
"그리고 그들은 걱정하고 있다","and they are worried"
"중국 자동차들에 대해,","about Chinese cars,"
"비록 사실상 불가능하지만","even though it's basically impossible"
"그것들을 판매하는 것이","to sell them"
"오늘날 미국에서.","in the United States today."
"그 이유는 결합이다","The reason is a combination"
"관세와 규제의","of tariffs and regulation"
"국가 안보와 연결된.","that's linked to national security."
"2024년에, 바이든 대통령 재임 중,","In 2024, under President Biden,"
"미국은 도입했다","the United States introduced"
"100% 관세를","a 100% tariff"
"중국산 전기차 수출에.","on Chinese EV exports."
"그에 더해,","In addition to that,"
"2025년 초에,","in early 2025,"
"새로운 규정이 도입되었다","a new rule was introduced"
"그것은 본질적으로 금지했다","which essentially banned"
"차량의 판매와 수입을","the sale and import of vehicles"
"중국과 연결된 기술을 포함한.","containing technology linked to China."
"이것은 실질적으로","This in practice"
"매우, 매우 어렵게 만든다","makes it very, very difficult"
"중국 회사들이","for Chinese companies"
"미국으로 수입하는 것을.","to import into the United States."
"비록 미국이","Even though the US"
"이런 정책들을 시행하고 있지만","has these policies in place"
"중국 자동차를 막기 위해,","to keep Chinese cars out,"
"그것들은 성장하고 있다 세계의 거의 모든 다른 곳에서.","they're growing almost everywhere else in the world."
"그들은 많은 시장 점유율을 가지고 있다 멕시코에서.","They have a lot of market share in Mexico."
"그들은 브라질에서 성장하고 있고,","They're growing in Brazil,"
"유럽을 장악해 가고 있다.","they're taking over Europe."
"그들은 동남아시아에서 큰 영향력이 있다.","They're big in Southeast Asia."
"그것을 글로벌 파이로 생각해 보라","Think of it as a global pie"
"한정된 크기의.","that's a finite size."
"그래서 중국인들이 들어와서","And so when the Chinese come in"
"점유율을 가져가면,","and take share,"
"그것은 의미한다 다른 자동차 제조사가","that means another automaker"
"도요타나 포드, 폭스바겐 같은","like Toyota or Ford or Volkswagen"
"점유율을 잃고 있다는 것을.","is losing share."
"우리가 성장을 보고 있는 것처럼","Just like we're seeing the growth"
"실물 전기차 수출의 중국에서 나오는,","of physical EV exports from China,"
"미국의 시청자들도","viewers in the US"
"소셜 미디어에서","on social media"
"또한 그것들을 더 많이 보고 있다.","are also seeing them more."
"지난 12월, 유튜버 마키스 브라운리가","Last December, YouTuber Marques Brownlee"
"리뷰를 게시했다 샤오미 SU7의","posted a review of the Xiaomi SU7"
"그리고 그는 그것에 정말로 감명받았다.","and he was really impressed with it."
"사실상 의심의 여지가 없다","There's basically no question"
"내 마음속에는","in my mind"
"만약 이런 차가","that if a car like this"
"미국에서 판매된다면 4만 2천 달러에,","was available in the US for $42,000,"
"그것이 (시장을) 압도할 것이라는.","that it would crush."
"그 리뷰는 입소문이 났다","The review went viral"
"천만 회가 넘는 조회수로.","with over 10 million views."
"그것은 미국인들을 정말로 일깨웠다","It really woke Americans up"
"얼마나 정교해졌는지에 대해","to just how sophisticated"
"중국 자동차들이.","Chinese cars have become."
"중국의 진입은 글로벌 자동차 시장으로의","China's entry into the global auto market"
"매우 논쟁적이다","is very controversial"
"왜냐하면 그것이 미래를 위협하고 있기 때문이다","because it's threatening the future"
"많은 기존 회사들의.","of a lot of existing companies."
"정말로 대립되는 서사들이 있다","There's really dueling narratives"
"무슨 일이 벌어지고 있는지에 대해.","about what's going on."
"사람들과 이야기해 보면","If you talk to people"
"미국이나 서방의,","in the US or in the West,"
"그들은 말할 것이다 중국이 공정하게 행동하지 않는다고,","they'll say that China is not playing fair,"
"그들이 지원을 받고 있다고","that they're getting support"
"정부로부터.","from the government."
"그러나 내가 알아챈 한 가지는 틱톡에서","But one thing I noticed on TikTok"
"정말로 다른 서사가 있다는 것이다 거기에는.","is that there's a really different narrative there."
"그리고 당신이 보게 되는 것은","And what you see"
"이야기가 오히려 더","is that the story is more"
"미국이","it's the US"
"불공정하고 위선적이라는 것이다","who's being unfair and hypocritical"
"미국 사람들이 그것들을 사지 못하게 함으로써","by not letting American people buy them."
"레드노트(샤오홍슈)를 둘러보다가,","While lurking on RedNote,"
"나는 이 차에 대해 알게 되었다.","I found out about this car."
"우리는 이 차를 팔 수 없다","We can't sell this car"
"왜냐하면 그것이 중국산이기 때문이다.","because it's Chinese."
"나는 생각한다 소셜 미디어의 사람들이","I think when people on social media"
"중국 자동차들을 볼 때,","see Chinese cars,"
"그들은 매우 감명받았을 뿐만 아니라","not only are they so impressed"
"기술과 가격에,","with the technology and the price,"
"그들은 또한 정말로 화가 났다","they're also really mad"
"왜냐하면 자동차가 정말로 감당할 수 없게 되어버렸기 때문이다","because cars have become really unaffordable"
"미국에서.","in the United States."
"평균 신차 가격은","The average new car price"
"미국에서","in the US"
"약 5만 달러이다.","is around $50,000."
"그것은 그저 손이 닿지 않는다","That's just out of reach"
"점점 더 많은 사람들에게,","for more and more people,"
"특히 지금은 인플레이션과 고금리 상황에서.","especially now with inflation and high interest rates."
"모두가 이야기한다","Everyone talks about"
"얼마나 빠르게 중국이 움직이고 있는지.","how quickly China is moving."
"그들은 설계하고, 개발하고, 생산할 수 있다","They can design, develop and produce"
"새로운 차를","a new car"
"18개월 안에","in 18 months"
"3년에서 5년에 비해","versus three to five years"
"서구 자동차 회사가 (걸리는),","for a Western car company,"
"그리고 그것은 의문을 불러일으킨다","and that brings up questions"
"품질과 신뢰성에 대한.","of quality and reliability."
"그러나 사실은,","But the truth is,"
"우리는 아직 모른다","we don't know yet"
"왜냐하면 전기차는 여전히","because EVs are still"
"비교적 새로운 기술이기 때문이다.","a relatively new technology."
"비록 있을 수도 있지만","Even though there may be"
"소비자들의 마음속에 일부 의문이,","some questions on consumers minds,"
"그것이 의미하지는 않는다","that doesn't mean"
"기존 자동차 제조사들이","that the legacy automakers"
"중국을 주시하고 있지 않다고","aren't looking to China"
"차를 만드는 법을 배우기 위해","to learn how to make cars"
"그들이 하는 것처럼.","like they do."
"당신이 지금 보고 있는 것은","What you're seeing right now"
"사실 많은","is actually a lot of"
"대형 유럽 자동차 제조사들이","big European automakers"
"중국 기술과 협력하는 것이다 매우 공개적으로.","engaging with Chinese technology very openly."
"미국 회사들은 매우 주저해 왔다,","US companies have been very hesitant,"
"그리고 매우 어려웠다","and it's been very difficult"
"그들에게 같은 일을 하는 것이.","for them to do the same."
"그래서 정말로 어려운 균형이다","So it's a really difficult balance"
"제대로 맞추기에.","to get right."
"나는 생각한다 미래가","I think the future"
"미국 자동차 산업의","of the US automotive industry"
"정말로 그 질문에 달려 있다고","really hinges on the question"
"여부에 대한","of whether or not"
"더 많은 개방성이 있을지","there's going to be more openness"
"중국 기술에 대한.","to Chinese technology."
"더 많은 개방성을 의미할 수도 있다","Might mean more openness"
"어쩌면 라이선싱하는 것에 대한","to maybe licensing"
"일부 중국 기술들을.","some Chinese technologies."
"이런 종류의 협약들은,","These kinds of arrangements,"
"신중하게 이루어진다면,","if done carefully,"
"정말로 큰 혜택이 될 수 있다","could be a real boon"
"미국 산업에.","for the US industry."
"그것은 더 많은 혁신을 가능하게 할 수 있다.","It could allow for more innovation."
"비록 미국이","Even though the US"
"지금까지 성공해 왔지만","has been successful so far"
"중국 자동차들을","in keeping Chinese cars"
"물리적으로 국가 밖으로 유지하는 데,","physically out of the country,"
"그들은 통제할 수 없다","they can't control"
"사람들이 보는 것을","what people see"
"또는 사람들이 생각하는 것을.","or what people think."
"중국 자동차들은","The Chinese cars"
"거부하기가 매우 어렵다","are very hard to resist"
"많은 사람들에게,","for a lot of people,"
"그리고 나는 생각한다 그것이 압력을 가한다고","and I think that puts pressure"
"미국 정치인들뿐만 아니라,","not just on US politicians,"
"자동차 산업의 나머지에도,","but also the rest of the auto industry,"
"더 저렴한 차들을 갖도록","to have more affordable cars"
"중국 차만큼 좋은,","that are as good as the Chinese,"
"그렇지 않으면 사람들이 결국 투표할 것이다","or else people are just eventually going to vote"
"그들의 지갑으로.","with their wallets."
