"Question","Answer"
"그들은 살았다","They lived"
"150에이커의 농장에서.","on a 150-acre farm."
"나는 믿는다","I believe"
"사후세계가 있다고.","that there is an afterlife."
"그는 즐겼다","He enjoyed"
"이집트의 대피라미드 방문을","visiting the Great Pyramids of Egypt"
"그가 고고학을 사랑하기 때문에.","because he loves archaeology."
"회의가 열렸다","The meeting was held"
"교수 회의실에서.","in the faculty chamber."
"강이 깎아냈다","The river cut"
"수로를","a channel"
"바위 사이로.","through the rocks."
"지구는 가지고 있다","Earth has"
"단단한 내부 핵을.","a solid inner core."
"그는 이용했다","He took"
"왼쪽의 복도를","the corridor on the left"
"그의 사무실로 가기 위해.","to go to his office."
"그는 가지고 있다","He has"
"독특한 억양을.","a distinct accent."
"오직 엘리트 집단만","Only an elite group"
"허용되었다 회원 자격이","was allowed membership"
"그 클럽에.","into the club."
"로봇을 설계한 후,","After engineering the robot,"
"그들은 찾아야 했다","they needed to find"
"그것을 만들기 위한 올바른 부품을.","the correct parts to build it."
"내 할아버지가","My grandfather"
"설립했다 시티 은행을.","founded the City Bank."
"작은 틈이 있다","There is a small gap"
"나무 블록 사이에.","between the blocks of wood."
"그들은 즐겼다","They enjoyed"
"아름다운 일몰의 장관을.","the glory of the beautiful sunset."
"그들은 보았다","They looked at"
"상자의 내부를.","the interior of the box."
"우리는 갔다","We went"
"사자를 보러","to see the lion"
"동물원에.","at the zoo."
"사무실에서 그녀의 역할은","Her role in the office is"
"제품을 판매하는 것이다 고객에게.","to sell products to customers."
"공작 부인은","The Duchess was"
"왕실 가문의 일원이었다.","part of the royal family."
"그녀는 유일한 여성이었다","She was the sole woman"
"그 방에서.","in the room."
"그는 이용했다 계단을","He took the stairs"
"엘리베이터 대신.","instead of the elevator."
"그녀는 닦았다","She wiped"
"탁자의 표면을.","the surface of the table."
"그 말은 가지고 있었다","The horse had shoes"
"철로 만든 편자를.","made of iron."
"그는 사용했다 사다리를","He used a ladder"
"그의 트리하우스 꼭대기로","to climb to the top"
"올라가기 위해.","of his tree house."
"데릭은 매우 겸손하다","Derek is very modest"
"그렇게 부유한 사람치고는.","for someone who is so rich."
"케빈과 앨리스는 차지했다 의자들을","Kevin and Alice occupied the chairs"
"그리고 가졌다 긴 토론을.","and had a long discussion."
"미국 대통령 에이브러햄 링컨이","US President Abraham Lincoln"
"페니에 있다.","is on the penny."
"아론은 자주 설교했다","Aaron often preached"
"정직한 삶을 사는 것에 대해.","about living an honest life."
"프랭크의 새로운 사업은","Frank's new business"
"마침내 번창했다","finally prospered"
"수년간의 노력 끝에.","after many years of hard work."
"캐나다는 나뉘어 있다","Canada is divided"
"여러 다른 주들로.","into several different provinces."
"버드는 가득 찼다 만족감으로","Bird was filled with satisfaction"
"그가 보았을 때","when he saw"
"저녁 식사로 무엇이 있는지를.","what was for dinner."
"풍력은 깨끗한 방법이다","Wind power is a clean way"
"도시에 에너지를 공급할 수 있는.","to sustain a city with energy."
"나는 생각한다 너가 받을 것이라고","I think you'll get"
"톰의 동의를","Tom's agreement"
"이 제안에 대한.","to this proposal."
"어려움이 생겼다 컴퓨터에","Difficulties arose with the computer"
"그것이 오래되어서.","because it was old."
"그 학생의 후원자가","The student's benefactor"
"그에게 돈을 주었다","gave him money"
"그의 학업에 쓰도록.","to spend on his studies."
"대장장이는 두드렸다 금속 조각을","The blacksmith pounded the piece of metal"
"그것이 납작해질 때까지.","until it was flat."
"그 고양이는 앉아 있었다","The cat was sitting"
"지붕 위에","on the roof"
"굴뚝 옆에.","next to the chimney."
"그녀의 상사는 보상해 주었다","Her boss compensated her"
"그녀에게 추가 업무에 대해","for the extra work"
"그녀가 지난주에 한.","she did last week."
"나는 마주쳤다 바다거북을","I encountered a sea turtle"
"내가 수영하고 있는 동안.","while I was swimming."
"내가 한도를 초과했기 때문에,","Since I exceeded my limit,"
"나는 결심했다","I decided"
"신용카드를 없애기로.","to get rid of my credit cards."
"스테이시와 헤더는 만들어냈다 그들의 우정을","Stacy and Heather forged their friendship"
"그들이 십대였을 때.","when they were teenagers."
"비록 밥이 가장 똑똑한 소년이지만 그의 반에서,","Even though Bob is the smartest boy in his class,"
"그는 겸손하다.","he is humble."
"티나는 받았다 이상한 소포를","Tina acquired a strange package"
"어제.","yesterday."
"그의 커피 컵을 떨어뜨린 후,","After dropping his coffee cup,"
"로비는 어색함을 느꼈다.","Robbie felt awkward."
"우리 할머니의 간병인은","My grandmother's caretaker"
"그녀를 돕는다","helps her"
"집 안에서 돌아다니는 것을.","get around the house."
"그는 시도했다","He tried"
"그의 친구들을 속이려고","to deceive his friends"
"카드 마술로.","with a card trick."
"페리 선생님은 단념시켰다 학생들이","Mr. Perry discouraged the students"
"학교를 그만두는 것을.","from quitting school."
"그 모델은 쓰고 있었다","The model was wearing"
"가짜 머리카락을.","fake hair."
"나는 가지고 있다 증오심을","I have a hatred"
"약의 맛에 대한.","for the taste of medicine."
"우리 모두는 들어갔다","We all went"
"오두막 안으로","into the hut"
"잠자기 위해.","to sleep."
"100년 전에 만들어진 자동차들은","Cars built a hundred years ago"
"열등하다 오늘날 만들어진 것들에 비해.","are inferior to ones built today."
"우리의 스키 여행 동안,","During our ski trip,"
"우리는 머물렀다 산장에서.","we stayed at a lodge."
"윌리엄은 방치했다 그의 방을,","William neglected his room,"
"그래서 그것은 완전히 엉망이다.","so it is a complete mess."
"학생들은 즐겁게 환영했다","The students happily welcomed"
"새로 온 사람을","the newcomer"
"학교에.","to the school."
"자동차를 훔치는 것은","Stealing a car"
"매우 심각한 범죄이다.","is a very serious offense."
"브렌다는 못 봤다 마지막 계단을","Brenda overlooked the last step"
"그리고 심하게 넘어졌다.","and had a bad fall."
"그녀는 보답했다 그녀의 친구에게","She repaid her friend"
"그의 모든 노력에 대해","for all of his hard work"
"작은 선물로.","with a small gift."
"스티브는 우스꽝스러워 보였다","Steve looked ridiculous"
"그 거대한 파란 선글라스를 쓰고서.","with those huge blue sunglasses."
"미나는 자주 받았다 만족스러운 성적을","Mina often received satisfactory grades"
"그녀가 매우 열심히 공부했기 때문에.","since she studied so hard."
"양치기는 옮겼다 양들을","The shepherd moved the sheep"
"다른 들판으로.","to another field."
"비록 위험했지만,","Even though it was dangerous,"
"그들은 모험적으로 갔다 산 위로.","they ventured up the mountain."
"황금빛 밀밭은","The field of golden wheat"
"준비되어 있었다 수확될.","was ready to be harvested."
"우리 집 뒤의 골목은","The alley behind my house"
"더러워 보인다.","looks dirty."
"그녀는 사용했다 도끼를","She used an ax"
"나무를 자르기 위해 불을 위한.","to cut some wood for the fire."
"그녀는 배가 고팠다,","She was hungry,"
"그래서 그녀는 먹었다 포도 한 송이 전체를.","so she ate the entire bunch of grapes."
"그것은 니키의 집안일이다","It's Nikki's chore"
"설거지하는 것","to do the dishes"
"매주 화요일과 수요일 밤마다.","every Tuesday and Wednesday night."
"에릭은 했다 괜찮은 일을","Eric did a decent job"
"울타리를 칠하는.","painting the fence."
"이것은 부끄러운","This is a disgraceful"
"돈 낭비이다.","waste of money."
"그녀는 가리켰다 그녀의 팔꿈치를","She pointed to her elbow"
"나에게 보여주기 위해","to show me"
"그녀가 어디를 다쳤는지.","where she hurt herself."
"그 소녀들은 감사했다 기회에 대해","The girls were grateful for the chance"
"그들의 할아버지를 방문할.","to visit their grandfather."
"카렌의 오빠는 짜증나게 했다 그녀를","Karen's brother irritated her"
"그가 그녀에게 말했을 때","when he told her"
"그녀의 카메라를 잃어버렸다고.","that he had lost her camera."
"나는 진짜로 화난 게 아니야.","I am not really mad."
"나는 농담했었어","I was kidding"
"내가 화났다고 말했을 때.","when I said I was angry."
"그 볼트는 헐거웠다,","The bolt was loose,"
"그래서 나는 조였다 그것을 렌치로.","so I tightened it with the wrench."
"그들 둘 다 기분이 상했다","They were both offended"
"그들이 서로에게 말한 것에 의해.","by what they had said to each other."
"캠핑객들은 머물렀다","The campers stayed"
"텐트에서 밤새도록.","in the tent overnight."
"비록 그 수업이 어려웠지만,","Even though the lesson was difficult,"
"그는 끈질기게 계속했다 그가 이해할 때까지.","he persisted until he understood."
"많은 아름다운 소나무들이 있었다","There were many beautiful pine trees"
"숲 속에.","in the forest."
"그 남자는 가지고 있었다 끔찍한 흉터들을","The man had horrible scars"
"그의 뺨과 이마에.","on his cheek and forehead."
"엄마는 받았다 고통스러운 느낌을","Mom got a painful sensation"
"그녀의 머리에","in her head"
"시끄러운 소음으로부터.","from the loud noise."
"마빈은 좋아한다 그의 썰매 타는 것을","Marvin likes to ride his sled"
"언덕 아래로","down the hill"
"겨울에.","in winter."
"제이크는 놀렸다 찰리를","Jake teased Charlie"
"그가 새로운 학생이었기 때문에.","because he was the new student."
"해리는 원했다 몰리가","Harry wanted Molly"
"그의 발렌타인이 되기를.","to be his valentine."
"낸시는 익혔다 그녀 자신을","Nancy acquainted herself"
"새로운 컴퓨터에.","with the new computer."
"일부 사람들은 무서워한다","Some people are scared"
"묘지를.","of cemeteries."
"그 생명체들은 산다","Those creatures live"
"아프리카에.","in Africa."
"마녀는 저주했다","The witch cursed"
"그 마을을.","the village."
"모두가 알았다 그것이 아빠라는 것을","Everyone knew that it was Dad"
"산타 분장 속의.","in the Santa disguise."
"그들의 식탁은 모두 차려졌다","Their table was all set"
"화려한 저녁 식사를 위해.","for a fancy dinner."
"우리는 가져갔다 손전등을","We took a flashlight"
"우리가 캠핑 갔을 때.","when we went camping."
"그녀는 썼다 그녀의 후드를","She put on her hood"
"그녀의 머리를 따뜻하게 유지하기 위해.","to keep her head warm."
"거주자들의 수는 시골에서","The number of inhabitants in the countryside"
"증가하고 있다.","is increasing."
"좋은 어머니는 자양분을 줄 것이다","A good mother will nourish"
"그녀의 아기에게","her baby"
"매일.","every day."
"해적들은","Pirates are"
"매우 무서운 인물들이다.","very scary characters."
"그녀는 구독자였다","She's been a subscriber"
"그 출판물의","to that publication"
"10년 이상 동안.","for over ten years."
"나는 답할 수 없었다 웬디의 수수께끼에,","I could not answer Wendy's riddle,"
"하지만 그것이 나를 웃게 만들었다.","but it made me laugh."
"그 오래된 통나무는","The old log began"
"썩기 시작했다 숲 속에서.","to rot in the forest."
"나의 근무일은","My workday"
"곧 끝날 것이다.","will end shortly."
"해골이 있다","There is a skeleton"
"과학 교실에.","in the science classroom."
"우리는 두었다 그 과일을 밖에 너무 오래,","We left the fruit out too long,"
"그래서 그것이 상했다.","and it spoiled."
"전쟁 중에,","During the war,"
"많은 사람들이 굶주렸다.","many people starved."
"이 서퍼는 즐긴다 스릴을","This surfer enjoys the thrill"
"큰 파도를 타는.","of surfing a big wave."
"나의 상사는","My boss is"
"매우 사악한 사람이다.","a very wicked man."
"화재 경보가 우리에게 알렸다","The fire alarm alerted us"
"문제가 있다고.","that there was a problem."
"우리는 그 방송을 봤다","We watched the broadcast"
"지역 뉴스의","of the local news"
"TV로.","on TV."
"생방송 뉴스 속보가 있었다","There was a live bulletin"
"그 도시의 경제를 보도하는.","reporting on the economy of the city."
"원숭이는 머리에 혹이 생겼다","The monkey got a bump on his head"
"돌에 맞았기 때문에.","because he was hit by a rock."
"엄마는 채소를 썰었다","Mom chopped some vegetables"
"스튜에 넣기 위해.","to put into the stew."
"마리는 옷이 많다","Marie has many clothes"
"그녀의 옷장 안에.","inside of her closet."
"내 개가 달아났을 때,","When my dog ran away,"
"아빠가 나를 위로했다.","my dad consoled me."
"나는 주거 지역에 산다","I live in a residential district"
"워싱턴주 시애틀의.","of Seattle, Washington."
"나는 옷을 넣었다","I put my clothes"
"빈 서랍들 안에.","into the empty drawers."
"그녀는 견뎌야 했다","She had to endure"
"남편이 하루 종일 소리치는 것을.","her husband shouting all day long."
"어떤 사람들은 처형된다","Some people are executed"
"중범죄로.","for serious crimes."
"그는 돈가방을 움켜쥐었다","He grasped the bag of money"
"단단히.","tightly."
"그 남자는 트럭 뒷부분에 실었다","The man loaded the rear of his truck"
"상자들을.","with boxes."
"그 젊은 상원의원은 약속했다","The young senator promised"
"사람들을 도울 법을 만들겠다고.","to make laws that would help the people."
"뇌는 보호받는다","The brain is protected"
"두개골에 의해.","by the skull."
"엄마는 반죽을 저었다","Mom stirred the batter"
"그것이 부드러워질 때까지.","until it was smooth."
"그는 키보드의 키들을 두드렸다","He tapped the keys of the keyboard"
"짧은 단어를 쓰기 위해.","to write a short word."
"지구의 바다는 가득 차 있다","The Earth's oceans are filled"
"엄청난 양의 물로.","with a tremendous amount of water."
"나무의 뿌리는 위치해 있다","The roots of a tree are located"
"땅속 아래에.","underneath the ground."
"지렁이는 자주 사용된다","Worms are often used"
"물고기를 잡는 데 도움이 되도록.","to help catch fish."
"그 낡은 방은 버려졌었다","The old room had been abandoned"
"몇 년 전에.","years before."
"켄드라는 야망이 있어야 했다","Kendra had to be ambitious"
"의대에 들어가기 위해.","to get into medical school."
"그 개는 짖었다","The dog barked"
"시끄럽고 무섭게.","loudly and frighteningly."
"금문교는","The Golden Gate Bridge"
"샌프란시스코 만을 가로지른다.","crosses San Francisco Bay."
"내 여동생은 명석하다","My younger sister is brilliant"
"그 나이대의 사람치고.","for someone her age."
"루크는 가리켰다","Luke pointed"
"그의 턱에 난 털을.","to the hair on his chin."
"엄마는 말했다","Mom said"
"내 동생의 불평을 듣고 싶지 않다고.","she didn't want to hear my brother's complaints."
"수잔은 수화를 사용한다","Susan uses sign language"
"그녀가 청각장애가 있기 때문에.","because she is deaf."
"그 남자는 열정적이었다","The man was enthusiastic"
"그의 직업에 대해.","about his job."
"그들은 우주선에 올라탔다","They got into their spaceship"
"탐험을 시작하기 위해.","to begin their expedition."
"해가 잠겼다","The sun dipped"
"수평선 아래로.","below the horizon."
"세 친구는","The three friends"
"서로에게 매우 충실하다.","are very loyal to each other."
"내 고향의 시장은","The mayor of my hometown"
"꽤 영향력 있는 연설가다.","is quite a powerful speaker."
"로버트는 사라를 좋아하고, 그녀도 그를 좋아한다.","Robert likes Sarah, and she likes him."
"그 감정은 상호적이다.","The feeling is mutual."
"리사는 너무 많이 먹는다,","Lisa eats too much,"
"그래서 그녀는 과체중이다.","so she's overweight."
"비가 오기 시작했을 때,","When it started to rain,"
"그녀는 집에서 피난처를 찾았다.","she found refuge in the house."
"빅터는 복원했다","Victor restored"
"그 낡은 자동차를.","the old car."
"엄마의 발이 아팠다,","Mom's feet were sore,"
"그래서 그녀는 그것을 문질렀다.","so she rubbed them."
"사는 것이 힘들 것이다","It would be hard to live"
"당신의 오감 없이는.","without your five senses."
"완다는 수의사가 되었다","Wanda became a veterinarian"
"그녀가 개를 사랑하기 때문에.","because she loves dogs."
"내 부모님은 식당에 나갔다","My parents went out to a restaurant"
"그들의 결혼기념일을 위해.","for their wedding anniversary."
"나는 산수 공부하는 것을 좋아한다","I like to study arithmetic"
"학교에서.","at school."
"그는 부끄러웠다","He was ashamed"
"선생님의 이름을 잊어버렸을 때.","when he forgot his teacher's name."
"폭탄이 터졌다","The bomb burst"
"도시 위에서.","over the city."
"우리는 목수를 고용했다","We hired a carpenter"
"찬장을 만들기 위해.","to make a cupboard."
"많은 발전소가 석탄을 태운다","Many power stations burn coal"
"에너지를 생산하기 위해.","to produce energy."
"킴과 마틴의 새 소파는","Kim and Martin's new couch"
"매우 비쌌다.","was very expensive."
"나는 물소리를 들었다","I heard water"
"수도꼭지에서 떨어지는.","dripping from the faucet."
"일본에서는, 여성들이 우아한 기모노를 입는다","In Japan, women wear elegant kimonos"
"특별한 날에.","on special occasions."
"그 수건들은 만들어졌다","The towels were made"
"부드러운 천으로.","from a soft fabric."
"그 남자는 작은 집이 있었다","The man had a small home"
"고지대에.","in the highlands."
"그 코끼리의 긴 상아 엄니는","The elephant's long ivory tusks"
"매우 인상적으로 보였다.","looked very impressive."
"그 농부는 밀을 방앗간으로 가져갔다","The farmer took his wheat to the mill"
"그것을 밀가루로 만들기 위해.","to make it into flour."
"나는 바늘을 사용했다","I used a needle"
"내 바지의 구멍을 고치기 위해.","to fix the hole in my pants."
"마크는 아침 내내 보냈다","Mark spent all morning"
"결혼식을 위해 신발을 닦으며.","polishing his shoes for the wedding."
"나는 바느질하는 법을 배웠다","I learned to sew"
"내가 어린 소녀였을 때.","when I was a little girl."
"우리는 작은 헛간이 있다","We have a small shed"
"보관을 위해 뒷마당에.","in the backyard for storage."
"나는 여러 색깔의 실이 많다","I have many different colors of thread"
"집에.","at home."
"나는 머리를 다듬었다","I had my hair trimmed"
"오늘 오후에.","this afternoon."
"그 연은 위로 올라갔다","The kite went upwards"
"점점 더 멀리.","further and further."
"나는 많은 협력자를 찾아서 기뻤다","I was happy to find many allies"
"내 의견에 공감하는.","who shared my opinion."
"우리는 모두 지쳤다","We all became tired"
"그가 하루 종일 자기 자랑하는 것을 듣는 데.","of listening to him boast about himself all day."
"오웬은 공을 튕겼다","Owen bounced the ball"
"땅에.","on the ground."
"그 두 명의 불량배는","The two bullies"
"항상 더 작고 약한 아이들을 괴롭혔다.","always picked on the smaller, weaker kids."
"쌀 같은 탄수화물은","Carbohydrates like rice"
"활동적인 사람들에게 좋은 에너지원이다.","are a good source of energy for active people."
"그 아기는 기어갔다","The baby crawled"
"바닥을 가로질러.","across the floor."
"그 챔피언은 도전자를 이겼다","The champion defeated the challenger"
"권투 시합에서.","in the boxing match."
"나는 다이얼을 봤다","I looked at the dial"
"몇 시인지 보려고.","to see what time it was."
"그 고릴라는 우세한 동물 중 하나다","The gorilla is one of the dominant animals"
"정글에서.","in the jungle."
"테이블 전체가","The entire table"
"음식으로 덮여 있었다.","was covered with food."
"그는 상사에게 자비를 구했다","He asked his boss for mercy"
"그리고 자신을 해고하지 말아 달라고.","and to not fire him."
"나는 고개를 끄덕였다","I nodded my head"
"그 노래를 들으면서.","as I listened to the song."
"경기장에서,","On the field,"
"우리 상대팀은 우리에게 너무 강했다.","our opponents were too good for us."
"빌리는 아내와 다퉜다","Billy quarreled with his wife"
"새 집을 사는 것에 대해.","about buying a new house."
"그 세 명의 경쟁자는","The three rivals"
"모두 같은 일자리를 두고 경쟁하고 있었다.","were all competing for the same job."
"무거운 상자를 든 후,","After lifting the heavy box,"
"모나의 등이 아팠다.","Mona's back was sore."
"그 바늘이 내 팔을 찔렀다","The needle stung my arm"
"그리고 나를 ""아야!""라고 말하게 했다.","and made me say, ""Ouch!"""
"케이시는 안간힘을 썼다","Casey strained"
"무거운 상자를 들어 올리려고.","to lift the heavy box."
"그렉은 생각했다","Greg thought"
"에세이 쓰는 것이 고문이라고.","that writing the essay was torture."
"내 아빠는 레슬링을 좋아했다","My dad loved to wrestle"
"그가 고등학생이었을 때.","when he was in high school."
"모래의 부재가 있다","There is an absence of sand"
"모래시계 안에.","in the hourglass."
"내 아버지는 자주 이야기를 소리 내어 읽는다","My father often reads stories aloud"
"나와 내 여동생에게.","to me and my sister."
"내 큰형은","My oldest brother"
"대머리다.","is bald."
"나는 땅에 담요를 깔았다","I laid a blanket on the ground"
"우리가 소풍을 즐길 수 있도록.","so that we could have a picnic."
"그 고양이는 천천히","The cat slowly"
"나무 아래로 살금살금 내려왔다.","crept down the tree."
"이혼율이 증가해 왔다","Divorce rates have increased"
"지난 20년 동안.","in the past twenty years."
"그는 자신이 가장 좋아하는 슈퍼히어로를 흉내 냈다","He imitated his favorite superhero"
"의상을 입음으로써.","by putting on a costume."
"그 아기는","The infant"
"밤새 울었다.","cried all night."
"그녀는 알고 겁에 질렸다","She was terrified to find out"
"그녀의 아들이 납치되었다는 것을.","her son had been kidnapped."
"나는 짧은 낮잠을 잤다","I took a short nap"
"어젯밤 늦게까지 깨어 있었기 때문에.","because I had stayed up late last night."
"불행히도,","Unfortunately,"
"물은 어디에서도 찾을 수 없었다.","water was nowhere to be found."
"나는 로션을 톡톡 두드려 발랐다","I patted some lotion"
"내 얼굴에.","onto my face."
"나는 안도감을 느꼈다","I felt a sense of relief"
"그 좋은 소식을 들었을 때.","when I heard the good news."
"그 아이들은 자기 집을 똑같이 만들려고 했다","The children tried to reproduce their house"
"장난감 블록을 사용해서.","using toy blocks."
"""험프티 덤프티""는 오래된 운율이다","""Humpty Dumpty"" is an old rhyme"
"아이들이 학교에서 배우는.","that children learn in school."
"그 아기는 우유를 빨았다","The baby sucked milk"
"젖병에서.","from her bottle."
"그는 그 순간 떠나야 했다;","He had to leave at that moment;"
"그것은 긴급했다.","it was urgent."
"모든 승객들이","All the passengers"
"기차역에서 사라졌다.","vanished from the train station."
"그는 그의 수레를 사용했다","He used his wagon"
"자기 선물 일부를 옮기기 위해.","to carry some of his gifts."
"내 할아버지는","My grandfather"
"얼굴에 주름이 좀 있다.","has some wrinkles on his face."
